{
  "24h": {
    "model": "gradient_boosting",
    "mae": 30.21495417070444,
    "rmse": 38.34582867424994,
    "r2": 0.5359981114633001
  },
  "48h": {
    "model": "gradient_boosting",
    "mae": 29.654075492686257,
    "rmse": 37.45887413980088,
    "r2": 0.569064266573497
  },
  "72h": {
    "model": "gradient_boosting",
    "mae": 29.61924276234614,
    "rmse": 36.9632482346859,
    "r2": 0.5744937461700381
  }
}